{"loss": [30.461755752563477, 4.855185508728027, 3.254180669784546, 2.3144192695617676, 1.7738492488861084, 1.5341171026229858, 1.4398057460784912, 1.2636604309082031, 1.1066800355911255, 1.0230928659439087, 3.9599902629852295, 3.115355968475342, 2.39335298538208, 2.0640077590942383, 1.8329592943191528, 1.7115299701690674, 1.5334033966064453, 1.4389793872833252, 1.3294332027435303, 1.2322348356246948], "precision": [0.6153846383094788, 0.5555555820465088, 0.6087476015090942, 0.6530534625053406, 0.7266826629638672, 0.7477167844772339, 0.7558181285858154, 0.7855283617973328, 0.8069497346878052, 0.8162046670913696, 0.4705409109592438, 0.6512938737869263, 0.6837037801742554, 0.7104994058609009, 0.7277529835700989, 0.7332837581634521, 0.7615180611610413, 0.7699803113937378, 0.7754568457603455, 0.7865246534347534], "val_loss": [5.669734477996826, 3.7139499187469482, 2.172992706298828, 1.438166618347168, 1.203518033027649, 0.8793450593948364, 0.8744650483131409, 0.7304679751396179, 0.5934235453605652, 0.5847877264022827, 3.2711644172668457, 2.126166820526123, 1.689022183418274, 1.3866995573043823, 1.2752453088760376, 1.0712095499038696, 0.9354487061500549, 0.8001971244812012, 0.7320132851600647, 0.8128249049186707], "val_precision": [0.0, 0.7435897588729858, 0.7722389101982117, 0.8608010411262512, 0.8354461789131165, 0.8818135857582092, 0.8771144151687622, 0.8996664881706238, 0.9040200710296631, 0.9127196669578552, 0.6634981036186218, 0.8976918458938599, 0.882472813129425, 0.8936079144477844, 0.8781222105026245, 0.8873141407966614, 0.896379828453064, 0.9024134278297424, 0.9247743487358093, 0.8831488490104675]}