{"loss": [49.29087448120117, 5.134796142578125, 3.4359641075134277, 2.983354091644287, 2.2939088344573975, 2.058720350265503, 1.6839351654052734, 1.557329535484314, 1.3377565145492554, 1.2427256107330322, 1.125901222229004, 1.096471905708313, 0.9436239004135132, 1.007819414138794, 0.856299638748169, 0.7880975604057312, 0.7749204039573669, 0.7260236144065857, 0.8341450095176697, 0.7491903305053711], "precision": [0.5, 0.5748987793922424, 0.6456953883171082, 0.6176176071166992, 0.6699135303497314, 0.6984643340110779, 0.7468520402908325, 0.7511696815490723, 0.7811753153800964, 0.7910270094871521, 0.8036913871765137, 0.8032666444778442, 0.8274605870246887, 0.817799985408783, 0.8436753153800964, 0.8503141403198242, 0.8538503050804138, 0.8597001433372498, 0.8352946639060974, 0.8559057116508484], "val_loss": [8.209098815917969, 3.659590244293213, 2.7020766735076904, 2.150325059890747, 1.6218334436416626, 1.3137463331222534, 1.2558815479278564, 0.9110376238822937, 0.8923068046569824, 0.780907928943634, 0.6322893500328064, 0.5597378611564636, 0.5606800317764282, 0.5088793039321899, 0.393869549036026, 0.42815661430358887, 0.33934640884399414, 0.5761775970458984, 0.36799347400665283, 0.3361296057701111], "val_precision": [0.9890109896659851, 0.9651162624359131, 0.826625406742096, 0.8708933591842651, 0.8244410157203674, 0.8869154453277588, 0.8384947180747986, 0.9176483750343323, 0.893511176109314, 0.8985896110534668, 0.9222872853279114, 0.9170719385147095, 0.9061539769172668, 0.9197080135345459, 0.9406276941299438, 0.9267805814743042, 0.9524369239807129, 0.8744394779205322, 0.9428862929344177, 0.9439987540245056]}