{"loss": [2.2604737281799316, 2.041355848312378, 1.474539041519165, 0.8548482060432434, 0.5791913270950317, 0.46591803431510925, 0.40669378638267517, 0.3689623475074768, 0.3411933481693268, 0.3189171850681305, 0.29957520961761475, 0.2820972204208374, 0.26580607891082764, 0.250680536031723, 0.23668549954891205, 0.22366800904273987, 0.21170948445796967, 0.20057609677314758, 0.190388485789299, 0.18094469606876373, 0.17233747243881226, 0.16439233720302582, 0.15720787644386292, 0.15057535469532013, 0.14457638561725616, 0.1391088217496872, 0.13412129878997803, 0.12962128221988678, 0.12540818750858307, 0.1215856745839119, 0.11804429441690445, 0.11477462202310562, 0.11173612624406815, 0.10886919498443604, 0.10615986585617065, 0.1036548912525177, 0.10125681012868881, 0.09899710863828659, 0.0968751609325409, 0.09479833394289017, 0.09289964288473129, 0.09106271713972092, 0.08929850906133652, 0.08759588748216629, 0.08602718263864517, 0.0844833105802536, 0.08302618563175201, 0.08157936483621597, 0.08021969348192215, 0.07892958074808121], "precision": [0.0, 0.0, 0.9954545497894287, 0.9374871850013733, 0.9110284447669983, 0.9173148274421692, 0.9219477772712708, 0.9259251952171326, 0.9298593401908875, 0.9332045912742615, 0.9367616772651672, 0.9409739971160889, 0.9443332552909851, 0.9473138451576233, 0.9507068991661072, 0.9537332653999329, 0.9556847214698792, 0.957883894443512, 0.9601489305496216, 0.9623239040374756, 0.964410126209259, 0.9657453894615173, 0.9675372242927551, 0.9689963459968567, 0.969974935054779, 0.9714253544807434, 0.9723899364471436, 0.9733152985572815, 0.974105715751648, 0.9749023914337158, 0.9757090210914612, 0.9765462279319763, 0.9769721031188965, 0.9773715138435364, 0.9781261086463928, 0.9786166548728943, 0.9790200591087341, 0.9795147180557251, 0.9800471067428589, 0.9801712036132812, 0.9805163145065308, 0.9807645678520203, 0.9809386730194092, 0.9811662435531616, 0.9815955758094788, 0.9818056225776672, 0.9820892214775085, 0.9824283123016357, 0.9825071692466736, 0.9829553961753845], "val_loss": [2.190011501312256, 1.8076171875, 1.0924330949783325, 0.664761483669281, 0.5060831904411316, 0.42886945605278015, 0.383396714925766, 0.3523860275745392, 0.32898035645484924, 0.3094283938407898, 0.2917007803916931, 0.2743546664714813, 0.2577138841152191, 0.24276363849639893, 0.22924403846263885, 0.21651825308799744, 0.20502623915672302, 0.19433027505874634, 0.18468758463859558, 0.1758594959974289, 0.1677006334066391, 0.16055306792259216, 0.15393425524234772, 0.14799264073371887, 0.14267776906490326, 0.13785801827907562, 0.1335858702659607, 0.12964209914207458, 0.12612515687942505, 0.12283213436603546, 0.11974894255399704, 0.11700951308012009, 0.11441156268119812, 0.11195332556962967, 0.10981418937444687, 0.10764441639184952, 0.10567989200353622, 0.1038314551115036, 0.10204803198575974, 0.10027118027210236, 0.09872832894325256, 0.097231924533844, 0.09569980949163437, 0.09445782750844955, 0.09304536134004593, 0.091865174472332, 0.09063027054071426, 0.08941065520048141, 0.08835827559232712, 0.08736414462327957], "val_precision": [0.0, 1.0, 0.9849012494087219, 0.9052491188049316, 0.9087766408920288, 0.917003333568573, 0.9224401712417603, 0.9258534908294678, 0.9303886890411377, 0.9331813454627991, 0.9357317686080933, 0.9397212266921997, 0.9428967237472534, 0.9461976289749146, 0.9495262503623962, 0.9519065618515015, 0.9542102813720703, 0.9575633406639099, 0.9595494270324707, 0.9621354341506958, 0.9639087319374084, 0.9666439890861511, 0.9688987135887146, 0.9697844386100769, 0.9713267683982849, 0.9722080826759338, 0.9732520580291748, 0.9729546904563904, 0.9739601016044617, 0.9739908576011658, 0.97435462474823, 0.9753669500350952, 0.9758812785148621, 0.9762386083602905, 0.9770889282226562, 0.9771082401275635, 0.9769592881202698, 0.9776395559310913, 0.9783120155334473, 0.9789915680885315, 0.9796604514122009, 0.9800066947937012, 0.9800100922584534, 0.9800167679786682, 0.9806787371635437, 0.9806755185127258, 0.9810147881507874, 0.9810243248939514, 0.98201984167099, 0.9816929697990417]}