{"loss": [92.49044036865234, 4.987426280975342, 4.280762195587158, 3.295698404312134, 2.4258949756622314, 1.863408088684082, 1.7059485912322998, 1.3066757917404175, 1.1246901750564575, 0.9838211536407471, 0.9041936993598938, 0.8159036040306091, 0.8557927012443542, 0.7423252463340759, 0.6896247863769531, 0.650352954864502, 0.623654305934906, 0.5919848680496216, 0.5742794871330261, 0.5607356429100037], "accuracy": [0.011116445995867252, 0.01401558518409729, 0.11557779461145401, 0.28509435057640076, 0.4265058934688568, 0.537356436252594, 0.5783321857452393, 0.674668550491333, 0.7232337594032288, 0.7610887289047241, 0.7837094068527222, 0.8064408898353577, 0.7967832684516907, 0.829024612903595, 0.8441851139068604, 0.8543782830238342, 0.8615429997444153, 0.8698341846466064, 0.8762049078941345, 0.878937840461731], "val_loss": [5.1772780418396, 4.65388822555542, 3.3946094512939453, 2.3585920333862305, 1.527697205543518, 1.692613124847412, 0.9236924648284912, 0.7314205169677734, 0.6163538098335266, 0.5581503510475159, 0.47080662846565247, 0.4974881112575531, 0.43711328506469727, 0.40639668703079224, 0.3681088387966156, 0.3390936553478241, 0.32895639538764954, 0.314641535282135, 0.30378732085227966, 0.3076786398887634], "val_accuracy": [0.008790072053670883, 0.05739400163292885, 0.29731127619743347, 0.5060570240020752, 0.663170337677002, 0.5923327207565308, 0.8024080395698547, 0.8580292463302612, 0.8873541355133057, 0.9033092260360718, 0.9276111721992493, 0.9225143790245056, 0.9378785490989685, 0.9410548210144043, 0.9528734087944031, 0.9629930853843689, 0.9629930853843689, 0.969714879989624, 0.9716354012489319, 0.9620327949523926]}