{"loss": [1.0932120084762573, 0.3300801217556, 0.21477460861206055, 0.18289348483085632, 0.153950035572052, 0.13913998007774353, 0.12170939892530441, 0.11673011630773544, 0.10507133603096008, 0.09635631740093231], "precision": [0.8865469694137573, 0.938287615776062, 0.959960401058197, 0.9643242359161377, 0.9684840440750122, 0.9720360040664673, 0.9759790301322937, 0.97602379322052, 0.978233277797699, 0.9801956415176392], "val_loss": [0.36771273612976074, 0.21381604671478271, 0.1721876859664917, 0.13416528701782227, 0.11784079670906067, 0.1090511903166771, 0.10243821889162064, 0.09578922390937805, 0.0883231833577156, 0.0826554149389267], "val_precision": [0.9538068175315857, 0.962079644203186, 0.965951681137085, 0.9733988642692566, 0.976520299911499, 0.977069616317749, 0.9794266223907471, 0.9797945618629456, 0.9823499917984009, 0.9833585619926453]}